{
  "_type": "export",
  "__export_format": 4,
  "__export_date": "2026-02-27T10:55:37.976Z",
  "__export_source": "backend-aula",
  "resources": [
    {
      "_id": "wrk_backend",
      "_type": "workspace",
      "name": "Backend Aula"
    },
    {
      "_id": "fld_Locadora",
      "_type": "request_group",
      "parentId": "wrk_backend",
      "name": "Locadora"
    },
    {
      "_id": "fld_Carros",
      "_type": "request_group",
      "parentId": "fld_Locadora",
      "name": "Carros"
    },
    {
      "_id": "req_Carros_GET_ALL",
      "_type": "request",
      "parentId": "fld_Carros",
      "headers": [
        {
          "name": "Content-Type",
          "value": "application/json"
        }
      ],
      "name": "Listar",
      "method": "GET",
      "url": "http://localhost:3000/carros/listar"
    },
    {
      "_id": "req_Carros_GET_ID",
      "_type": "request",
      "parentId": "fld_Carros",
      "headers": [
        {
          "name": "Content-Type",
          "value": "application/json"
        }
      ],
      "name": "Buscar",
      "method": "GET",
      "url": "http://localhost:3000/carros/buscar/:id"
    },
    {
      "_id": "req_Carros_POST",
      "_type": "request",
      "parentId": "fld_Carros",
      "name": "Cadastrar",
      "headers": [
        {
          "name": "Content-Type",
          "value": "application/json"
        }
      ],
      "method": "POST",
      "url": "http://localhost:3000/carros/cadastrar",
      "body": {
        "mimeType": "application/json",
        "text": "{\n  \"marca\": \"string\",\n  \"modelo\": \"string\",\n  \"ano\": 0\n}"
      }
    },
    {
      "_id": "req_Carros_PUT",
      "_type": "request",
      "parentId": "fld_Carros",
      "headers": [
        {
          "name": "Content-Type",
          "value": "application/json"
        }
      ],
      "name": "Atualizar",
      "method": "PUT",
      "url": "http://localhost:3000/carros/atualizar/:id",
      "body": {
        "mimeType": "application/json",
        "text": "{\n  \"marca\": \"string\",\n  \"modelo\": \"string\",\n  \"ano\": 0\n}"
      }
    },
    {
      "_id": "req_Carros_DELETE",
      "_type": "request",
      "parentId": "fld_Carros",
      "headers": [
        {
          "name": "Content-Type",
          "value": "application/json"
        }
      ],
      "name": "Excluir",
      "method": "DELETE",
      "url": "http://localhost:3000/carros/excluir/:id"
    },
    {
      "_id": "fld_Clentes",
      "_type": "request_group",
      "parentId": "fld_Locadora",
      "name": "Clentes"
    },
    {
      "_id": "req_Clentes_GET_ALL",
      "_type": "request",
      "parentId": "fld_Clentes",
      "headers": [
        {
          "name": "Content-Type",
          "value": "application/json"
        }
      ],
      "name": "Listar",
      "method": "GET",
      "url": "http://localhost:3000/clentes/listar"
    },
    {
      "_id": "req_Clentes_GET_ID",
      "_type": "request",
      "parentId": "fld_Clentes",
      "headers": [
        {
          "name": "Content-Type",
          "value": "application/json"
        }
      ],
      "name": "Buscar",
      "method": "GET",
      "url": "http://localhost:3000/clentes/buscar/:id"
    },
    {
      "_id": "req_Clentes_POST",
      "_type": "request",
      "parentId": "fld_Clentes",
      "name": "Cadastrar",
      "headers": [
        {
          "name": "Content-Type",
          "value": "application/json"
        }
      ],
      "method": "POST",
      "url": "http://localhost:3000/clentes/cadastrar",
      "body": {
        "mimeType": "application/json",
        "text": "{\n  \"nome\": \"string\"\n}"
      }
    },
    {
      "_id": "req_Clentes_PUT",
      "_type": "request",
      "parentId": "fld_Clentes",
      "headers": [
        {
          "name": "Content-Type",
          "value": "application/json"
        }
      ],
      "name": "Atualizar",
      "method": "PUT",
      "url": "http://localhost:3000/clentes/atualizar/:id",
      "body": {
        "mimeType": "application/json",
        "text": "{\n  \"nome\": \"string\"\n}"
      }
    },
    {
      "_id": "req_Clentes_DELETE",
      "_type": "request",
      "parentId": "fld_Clentes",
      "headers": [
        {
          "name": "Content-Type",
          "value": "application/json"
        }
      ],
      "name": "Excluir",
      "method": "DELETE",
      "url": "http://localhost:3000/clentes/excluir/:id"
    }
  ]
}